,date,year,month,consumer_credits,consumer_price_index,brent_oil_price,current_account_deficit,exports_usd,imports_usd,export_unit_value_index_usd,gdp,gold_price_lon,import_unit_value_index_usd,B,C,MIG_NRG_X_E,MIG_NDCOG,MIG_ING,MIG_DCOG,MIG_CAG,interest_rates_personal,money_supply,real_effective_echange_rates,retail_sales,unemployment_30-34,ExchangeRate
0,2008-01-01,2008,1,56746390973,146.94,92.18,-4035000000,10632207041,16338588949,110.7,2.01006E+11,886.56,107.1,74.6,65,87.6,67.3,64.4,63.2,61.9,19.8325,61258507.7,115.43,13619921.16,11.1,1.170436364
1,2008-02-01,2008,2,57403513466,148.84,94.99,-3747000000,11077899120,16026520648,112.1,1.91513E+11,931.6,108.2,72,65.1,82.2,66.4,62.6,68.2,65.9,19.936,61521490.29,113.09,12378144.81,11,1.188171429
2,2008-03-01,2008,3,57226097068,150.27,103.64,-4141000000,11428587234,16812088342,116.8,1.78383E+11,959,112.5,77.8,72,83.3,68.2,70.5,90.3,73,20.6275,63397271.55,106.72,33747894.78,9.9,1.23237619
3,2008-04-01,2008,4,55637004269,152.79,109.07,-5013000000,11363963503,17889469623,119.2,1.7768E+11,908.38,122.6,77.7,71,80.2,65.9,70.9,72.9,75.7,20.9975,61527806.76,100.72,8048486.945,9.1,1.296714286
4,2008-05-01,2008,5,59207090087,155.07,122.8,-4561000000,12477968700,19306133002,120.5,1.93237E+11,887.95,118.5,84.5,73.2,83.3,70.3,73.7,75,74,20.752,62644410.83,105.63,18824115.19,8.8,1.246995238
5,2008-06-01,2008,6,62005409472,154.51,132.32,-5259000000,11770634384,19476568081,123.4,2.04863E+11,895.88,123,93,71.3,85.8,69.5,71.3,73.9,72.1,21.245,66152012.54,105.4,14089059.29,8.4,1.2278
6,2008-07-01,2008,7,64248793817,155.4,132.72,-3684000000,12595426863,20557428101,128.1,2.13176E+11,943.56,127.4,98.7,69.9,92.5,67.7,72.9,71.2,66.6,21.71,67030149.41,105.56,13619036.65,8.3,1.209952174
7,2008-08-01,2008,8,67918538374,155.02,113.24,-2654000000,11046830086,19251335340,125,2.25414E+11,841.7,123.9,100.3,62.8,92.9,68.2,67.9,66.4,44.6,22.162,67612618.53,110.05,41131002.84,8.2,1.172666667
8,2008-09-01,2008,9,66493409375,155.72,97.23,-658000000,12793148034,17884561792,121.8,2.20178E+11,832.56,119.7,94.2,66.5,84.4,70.6,65.6,70.1,61.2,21.2325,70679630.32,107.12,12414853.65,9.1,1.229638095
9,2008-10-01,2008,10,56230297740,159.77,71.58,-2280000000,9722708790,14942454486,108,1.81486E+11,791.26,112.5,94.5,64.6,78.5,75.6,61.9,69.8,54.4,22.342,57783222.98,95.09,7310853.105,9.8,1.473265
10,2008-11-01,2008,11,51848823409,161.1,52.45,-354000000,9395872897,12073504655,99.5,1.66272E+11,768.06,102.8,78.7,64.6,78.3,81.2,59.3,71.6,50.2,25.085,52397832.92,92.02,16201282.24,10.8,1.58785
11,2008-12-01,2008,12,52814664223,160.44,39.95,-3039000000,7721948974,11404921090,99.2,1.69386E+11,803.75,98.2,72.3,53.7,77.5,66,48.4,57.5,46.5,24.47,55546948.46,95.77,50330594.1,11.9,1.538810526
12,2009-01-01,2009,1,50740306466,160.9,43.44,-330000000,7884493524,9281137649,95.1,1.54008E+11,870.15,92.4,72.9,48.9,82.4,60.4,49.3,49.2,31.8,22.858,51068253.62,95.56,39451354,13.8,1.589052381
13,2009-02-01,2009,2,48633851279,160.35,43.32,-150000000,8435115834,9074663754,90.9,1.3847E+11,947.38,90.6,60.5,48,73.1,56.2,47.7,52.6,34.7,21.4725,52328337.05,93.34,11992465.93,14.9,1.65236
14,2009-03-01,2009,3,47101210753,162.12,46.54,-1080000000,8155485081,10522038241,89.8,1.24889E+11,935.5,90.2,72.3,54.5,77.8,62.1,54.9,62,41,21.8,51541229.55,91.39,24695013.2,14.5,1.704536364
15,2009-04-01,2009,4,50549030574,162.15,50.18,-1384000000,7561696283,10120319396,91.7,1.38954E+11,894.33,89.6,75.3,56,75.1,61.9,57.3,62.4,43,19.0125,54815558.7,96.1,29769914.98,13,1.604152381
16,2009-05-01,2009,5,52803571204,163.19,57.3,-1361000000,7346407528,10867698195,93.8,1.50106E+11,942.94,86.4,76.4,59.4,77,63.8,60,70.9,48.6,20.016,57719733.55,97.79,9979812.912,11.4,1.551763158
17,2009-06-01,2009,6,53805692808,163.37,68.61,-1912000000,8329692783,12500590854,96.4,1.57785E+11,944.19,89.5,88.7,63.5,80.4,69.7,64.4,78.5,49.7,20.37,59289331.72,97.58,57440297.68,11,1.539781818
18,2009-07-01,2009,7,55036666565,163.78,64.44,-165000000,9055733671,12856285859,97.1,1.67275E+11,934.75,90.1,101.9,62.7,90.5,66.3,65.7,73.4,49.5,19.736,60674459.01,98.76,19218232.22,11.4,1.513691304
19,2009-08-01,2009,8,56518616359,163.29,72.51,-169000000,7839908842,12811165960,98.6,1.78101E+11,954.38,92.3,103.5,58.1,88.5,64.9,63.1,73.9,36.6,18.5675,62415231.15,100.05,69207907.78,12.7,1.47922381
20,2009-09-01,2009,9,56923847653,163.93,67.65,-649000000,8480708387,12485004285,100.2,1.84281E+11,1000.19,93.3,91.2,59.4,77.2,64.7,60.1,76.1,48.2,16.4475,67187976.27,99.46,2408505.753,12.2,1.48523
21,2009-10-01,2009,10,58745403515,167.88,72.77,684000000,10095768030,12772506117,101.5,1.87908E+11,1040.55,96.9,100.7,68.6,80.9,82,68.7,73.5,51.1,17.034,67180321.28,101.98,7539154.5,11.8,1.462138095
22,2009-11-01,2009,11,59226605827,170.01,76.66,-1673000000,8903010773,12617535430,103.3,1.86345E+11,1113.67,98.7,81.9,62.1,77.4,77.8,59,64.3,47.5,15.005,71472815.07,101.09,7089736.988,11.5,1.480021053
23,2009-12-01,2009,12,59507254130,170.91,74.46,-3171000000,10054591867,15019475471,102.2,1.8462E+11,1130.19,97.4,84.7,67.8,86,80.7,64.7,70.6,56.5,15.0675,71587612.04,100.54,37366271.17,12,1.499513043
24,2010-01-01,2010,1,62012950379,174.07,76.17,-2912000000,7828748058,11691248394,100.9,1.80858E+11,1104.31,97.8,68.9,54.2,82.8,59.4,55.7,59.1,42.2,14.956,69611485.21,104.55,15889376.81,12.8,1.46632
25,2010-02-01,2010,2,61560606020,176.59,73.75,-2019000000,8263237814,11781611175,98.6,1.6841E+11,1090.25,97.8,65,55.8,74.7,59.7,57.1,63.8,45.2,14.4375,69914554.05,103.72,9968879.354,12.6,1.50556
26,2010-03-01,2010,3,62056401602,177.62,78.83,-4073000000,9886488171,15022223719,98.7,1.58283E+11,1110.81,98.5,75.3,66.8,82,67.9,68.2,80.4,57.9,14.5525,70176236.77,101.99,14080565.56,12.1,1.528313043
27,2010-04-01,2010,4,65829060710,178.68,84.82,-4127000000,9396006654,14943415664,99.7,1.71246E+11,1151.68,100.7,79.5,64.7,78.8,65.3,68.8,77.5,52.9,14.012,72326676.84,105.48,45870208.06,10.6,1.487871429
28,2010-05-01,2010,5,65741120045,178.04,75.95,-2655000000,9799958117,14726092099,97.9,1.74405E+11,1206.5,99,81.1,67.8,81.2,67.4,71.8,80.8,57.1,14.195,71004752.4,103.3,69938590.24,9.5,1.534805
29,2010-06-01,2010,6,66022606227,177.04,74.76,-3083000000,9542907644,15233114061,96.1,1.7867E+11,1233.38,96.7,95.3,70.4,85.6,72,74.1,81.4,59.8,14.1125,73777085.3,101.11,8501402.234,9.3,1.570286364
30,2010-07-01,2010,7,69391698594,176.19,75.58,-3213000000,9564682545,16078478415,98.8,1.91337E+11,1191.8,97,97.5,70,95.2,72.2,73.5,81.1,58.5,13.744,74869167.52,101.31,36492497.8,9.4,1.536313636
31,2010-08-01,2010,8,72786999615,176.9,77.04,-2648000000,8523451973,15434037076,98.2,2.04675E+11,1220.13,98.4,99.1,66.4,99.5,72.5,70.6,73.1,50.5,13.0125,78032158.7,102.98,9994118.576,10.1,1.501628571
32,2010-09-01,2010,9,75013911976,179.07,77.84,-3473000000,8909230521,15643757883,99.4,2.15416E+11,1270.5,99.5,90,65.6,84.6,69.7,67.1,79.1,54.7,12.4475,82248166.62,104.15,13660370.81,9.7,1.488915
33,2010-10-01,2010,10,81089642006,182.35,82.67,-3051000000,10963586270,17296679730,103.7,2.26991E+11,1336.94,104.4,92.6,76.4,85.2,85.7,77,83.8,60.7,12.398,86513733.2,108.66,5577142.112,9.5,1.41846
34,2010-11-01,2010,11,82969024872,182.4,85.28,-5874000000,9382369718,17134768305,104.1,2.26101E+11,1379.67,105.2,90.8,68.5,82.2,76.9,68.6,72.5,56.7,12.28333333,85990690.71,107.11,1158856.81,9.2,1.429527778
35,2010-12-01,2010,12,80856314162,181.85,91.45,-7492000000,11822551699,20558905331,103.9,2.14426E+11,1382.42,104.9,95.9,84.3,94.1,88.3,82.9,85.3,80.9,11.97,89343925.74,101.29,13651181.1,9.6,1.513147826
36,2011-01-01,2011,1,81183333699,182.6,96.52,-5872000000,9551084639,16905384743,107,2.02033E+11,1349.13,107.7,84,68.4,93.3,70.9,72.4,71.1,56.4,11.915,82499778.33,97.65,3725075.329,10,1.553819048
37,2011-02-01,2011,2,81696565487,183.93,103.72,-5903000000,10059126307,17520186312,109.5,1.91674E+11,1376.25,110.7,78.6,66.9,84.4,68.2,69.2,69.2,60.2,11.9375,82151690.96,95.38,30744894.9,9.8,1.58283
38,2011-03-01,2011,3,84376658243,184.7,114.64,-9407000000,11811085160,21643479940,111.7,1.85976E+11,1423.63,113.5,87.2,77.8,93.3,77.7,79.9,86.7,70.6,12,85607585.22,94.9,12871111.15,9.7,1.574669565
39,2011-04-01,2011,4,91074095444,186.3,123.26,-7485000000,11873269447,20953458353,114.6,2.03325E+11,1455.08,117.5,88.4,74.9,85.8,73.4,79.1,85,67.1,12.256,90562980.99,97.6,9138386.735,9,1.515619048
40,2011-05-01,2011,5,91373758003,190.81,114.99,-7637000000,10943364372,21107025645,114,2.06804E+11,1504,116.8,100.8,78.4,86.3,75.2,84.4,90.1,70.8,12.7225,89133642.77,96.12,10857833.61,8.8,1.564157143
41,2011-06-01,2011,6,92794872720,188.08,113.83,-7559000000,11349953558,21605305256,114.7,2.12536E+11,1530.37,116.7,99.7,82.2,87.7,81.1,83.9,93.7,79.1,13.2975,91934268.73,92.8,5992458.773,7.8,1.594013636
42,2011-07-01,2011,7,92143136983,187.31,116.97,-5089000000,11860004271,21061308166,114.7,2.15014E+11,1568.4,116.9,106.8,79.4,99.6,77.7,83.9,93.1,72.4,16.52,89912266.68,88.81,11975810.36,7.3,1.646714286
43,2011-08-01,2011,8,88276405853,188.67,110.22,-3681000000,11245124657,19679421257,113.5,2.11754E+11,1757.7,118.7,110.2,76,98.1,78.7,80.8,91.2,62.8,17.345,91370786.73,83.79,3981488.547,7.5,1.744238095
44,2011-09-01,2011,9,87107330318,190.09,112.83,-6058000000,10750626099,21203687873,110.7,2.15296E+11,1765.9,116.3,103.8,79.2,90.7,79.6,83.3,94.8,70,17.258,87796504.16,83.37,3422935.797,7.7,1.786519048
45,2011-10-01,2011,10,86620707087,196.31,109.55,-4084000000,11907219297,19919209132,109.3,2.11252E+11,1678.4,116.3,109.2,89.2,90.9,97.2,88.9,98.8,79,17.2525,85285686.33,84.38,45926915.77,8.4,1.827080952
46,2011-11-01,2011,11,88471682793,199.7,110.77,-5179000000,11078524743,18649309796,109.5,2.14725E+11,1732.38,114.7,104.6,78.3,91.5,84.6,77.7,92.9,69.6,19.085,85014895.96,87.09,8471462.889,8.5,1.803784211
47,2011-12-01,2011,12,86599289346,200.85,107.87,-6448000000,12477486280,20593899801,108.3,2.09086E+11,1646.4,112.9,114.6,90.5,99.6,91.3,90.5,99.2,91.3,19.698,86727196.92,85.29,9698395.782,9.1,1.85885
48,2012-01-01,2012,1,88151368751,201.98,110.69,-5749000000,10348187166,17468975947,108.2,2.01758E+11,1657.75,111,89.8,72.1,98.5,77.2,74.2,72.8,61.7,19.9725,81050227.16,86.49,8719208.189,9.7,1.838936364
49,2012-02-01,2012,2,92818061208,203.12,119.33,-4202000000,11748000124,17787292746,109.7,2.01805E+11,1736.5,112.7,83.2,71.3,93.6,74.4,72.2,74.8,63.7,19.4225,84891422.81,90.38,20436617.92,10.3,1.751090476
50,2012-03-01,2012,3,92222657671,203.96,125.45,-6210000000,13208572977,20677495770,109.3,1.88691E+11,1675.8,114.6,88.5,82.6,97.1,84.8,83.9,89.8,74.2,18.848,84769642.73,88.86,12957646.21,9.8,1.779295455
51,2012-04-01,2012,4,93483047914,207.05,119.75,-4512000000,12630226718,19272813948,109.2,1.97866E+11,1650.62,115.2,90.3,79.5,85,77.6,85.3,87.8,71.2,18.535,86226899.61,90.22,18027418.19,8.6,1.77984
52,2012-05-01,2012,5,93666648484,206.61,110.34,-5240000000,13131530961,21750448591,107.6,2.05126E+11,1596.43,112.6,102.3,86.1,88.7,85.4,91.5,92.6,78.7,18.3475,86268587.81,90.05,6812199.58,7.3,1.796954545
53,2012-06-01,2012,6,94248965381,204.76,95.16,-3876000000,13231198688,20437938448,106.5,2.12015E+11,1588.25,110.3,106.3,84.7,93.6,85.3,89.4,90,77.4,18.098,90661456.6,89.42,23607151.86,7.3,1.816071429
54,2012-07-01,2012,7,95784725002,204.29,102.62,-3995000000,12830675307,20835202908,106.9,2.21217E+11,1594.93,108.8,113.8,82.3,104.5,83.2,89,84.9,72.6,17.865,88250246.78,89.53,26455076.04,7.5,1.804886364
55,2012-08-01,2012,8,97805898401,205.43,113.36,-1169000000,12831394572,18828477769,107.7,2.31549E+11,1630.15,109.7,100.9,73.2,100,76.9,78.2,81.9,58.5,17.478,91738968.22,90.12,5489213.479,7.6,1.78584
56,2012-09-01,2012,9,98324695093,207.55,112.86,-2502000000,12952651722,19924305446,108.8,2.38216E+11,1766,111.9,108.3,85.8,94.5,88.4,89.5,97.5,74.5,16.645,96017604.41,89.47,3509696.318,7.5,1.79563
57,2012-10-01,2012,10,99639387395,211.62,111.71,-1051000000,13190769655,18786696814,108.9,2.39382E+11,1742.95,111.9,105.9,84.1,87.5,93,85,89.2,70.7,16.31,95161861.95,90.45,22684257.08,7.5,1.79414
58,2012-11-01,2012,11,1.01371E+11,212.42,109.06,-3991000000,13753052493,20947983268,108.2,2.4152E+11,1719.45,111.7,110.5,91,90.6,99,92.3,100,77.3,15.726,93641536.87,91.03,8389512.448,7.8,1.78545
59,2012-12-01,2012,12,1.03579E+11,213.23,109.49,-4781000000,12605476173,19827509254,109.8,2.43361E+11,1676.68,112.7,110.3,90.6,95.4,94.3,91.4,94.3,87.3,14.25,101138503.3,90.65,15985661.43,8.7,1.779090476
60,2013-01-01,2013,1,1.0615E+11,216.74,112.96,-5431000000,11481521079,18802567909,110.8,2.3709E+11,1663.5,111.89,88.8,76.3,94,79.9,80.1,73.1,66.7,14.055,96983707.42,92.58,15571274.45,9.4,1.763859091
61,2013-02-01,2013,2,1.07547E+11,217.39,116.05,-4690000000,12385690909,19395113678,111.03,2.27935E+11,1631,114,80.1,76.3,84.2,77,78.5,79.4,70.2,13.755,98047499.19,91.98,14907686.48,9.5,1.769925
62,2013-03-01,2013,3,1.07759E+11,218.83,108.47,-4676000000,13122058141,20559354566,109.29,2.15063E+11,1593.1,111.99,89.3,85.2,91,84.9,90,88.3,76.7,13.524,100466965.7,91.06,30933389.94,9.4,1.807195238
63,2013-04-01,2013,4,1.11065E+11,219.75,102.25,-6669000000,12468202903,22825141704,108.36,2.2677E+11,1495.12,111.09,92.8,86.8,85.6,83.2,92.3,104.7,77.5,13.45,100883122.9,91.51,8841887.351,8.6,1.796471429
64,2013-05-01,2013,5,1.12228E+11,220.07,102.56,-6193000000,13277209017,23245300682,108.12,2.33769E+11,1409.85,109.33,104.8,91.4,90,89.4,97.5,104.6,81.4,12.672,104218621.1,90.02,29418554.2,8.3,1.822777273
65,2013-06-01,2013,6,1.11422E+11,221.75,102.92,-3813000000,12399973962,21012834975,108.6,2.34801E+11,1316.12,108.8,110,90.2,92.3,87.2,95.1,99.8,86,11.82,106922393.7,87.35,17755408.52,7.7,1.89451
66,2013-07-01,2013,7,1.12171E+11,222.44,107.93,-5636000000,13059519685,22965864226,107.53,2.39051E+11,1279.81,107.53,113.4,92,101.6,89.6,97.6,101.1,85.9,12.465,104829667.5,87.77,49160728.29,7.8,1.930482609
67,2013-08-01,2013,8,1.12817E+11,222.21,111.28,-1740000000,11118300903,18198366236,108.16,2.44606E+11,1334.12,108.89,98.3,75,96.3,75.1,81.8,90.7,60.9,13.118,107545234.5,87.23,4917446.728,8.3,1.954705263
68,2013-09-01,2013,9,1.11289E+11,223.91,111.6,-2542000000,13060371039,20620819473,107.44,2.45288E+11,1348.93,108.83,117.2,95.5,93.7,94.7,100,111.2,87.9,13.94,106931060,84.97,14896092.24,8.5,2.017147619
69,2013-10-01,2013,10,1.14151E+11,227.94,109.08,-2765000000,12053704638,19482636677,107.47,2.48657E+11,1307.66,110.36,101.4,87.1,87,92.5,88.8,101.8,75.1,13.8125,107323479.5,86.67,12957366.25,8.7,1.990316667
70,2013-11-01,2013,11,1.13805E+11,227.96,107.79,-3241000000,14201227351,21414219367,107.46,2.44851E+11,1275.75,108.8,105.9,100.8,92.1,105.4,101.5,111.8,91.5,13.774,105650826.5,85.24,37723742.71,9,2.021747619
71,2013-12-01,2013,12,1.13873E+11,229.01,110.76,-7696000000,13174857460,23139030617,108.16,2.40616E+11,1218.76,110.16,109.2,100.4,100.1,101.1,100.4,111.3,98.5,13.5725,111488081,83.75,76277866.43,9.3,2.057840909
72,2014-01-01,2014,1,1.06984E+11,233.54,108.12,-4519000000,12399761948,19286491233,109.25,2.1718E+11,1249.35,108.86,93.9,86.2,97.9,88.8,91.1,78.5,76.2,15.03,99581430.38,79.42,24176009.96,9.8,2.216836364
73,2014-02-01,2014,2,1.07938E+11,234.54,108.9,-2703000000,13053292493,18239687512,108.26,2.1139E+11,1307.25,109.62,85.8,82.7,89.3,81.3,87.2,82.1,76.5,16.8275,98860633.33,80.6,12959861.44,9.2,2.21276
74,2014-03-01,2014,3,1.08049E+11,237.18,107.48,-3264000000,14680110780,19931709143,107.58,2.04733E+11,1337.75,110.24,95,93.7,95.5,91.4,98.3,103.3,85.6,17.1475,101717419.2,81.83,24520724.04,8.6,2.217795238
75,2014-04-01,2014,4,1.13391E+11,240.37,107.76,-4201000000,13371185664,20658673172,107.95,2.1908E+11,1303.87,109.48,94.9,92.9,92.1,90.7,97.8,96,86.2,16.865,104345141.9,87.05,25398543.21,8,2.127471429
76,2014-05-01,2014,5,1.16561E+11,241.32,109.54,-2709000000,13681906159,20875120618,108.02,2.28675E+11,1281.2,107.99,97.4,94.2,92.6,91.8,100.1,97.3,86.6,16.684,106697285.5,88.54,39645137.16,7.8,2.090805
77,2014-06-01,2014,6,1.16915E+11,242.07,111.8,-3599000000,12880924246,20792872262,108.71,2.31667E+11,1287.62,108.48,104,95.4,96.1,92.7,98.6,99.2,93.3,15.96,112273941.9,87.55,8511517.864,7.8,2.11572381
78,2014-07-01,2014,7,1.18019E+11,243.17,106.77,-1785000000,13344776958,19941064065,109.52,2.40974E+11,1314.06,108.17,100.6,88.9,103,88.5,91.4,86.6,87.1,15.3175,115059482,87.38,26747996.27,7.8,2.118675
79,2014-08-01,2014,8,1.16884E+11,243.4,101.61,-1342000000,11386828925,19498065147,107.31,2.46006E+11,1292,107.43,100.9,87,107.4,88.7,92,90.1,75.7,15.076,111813667.6,86.33,1780311.294,8.6,2.158271429
80,2014-09-01,2014,9,1.16367E+11,243.74,97.09,-1549000000,13583120906,20595981216,105.5,2.50206E+11,1232.75,105.69,109.2,102.3,100,103.4,102.7,106,99.6,14.8575,116819421.4,84.94,89892238.16,9.3,2.203577273
81,2014-10-01,2014,10,1.14817E+11,248.37,87.43,-1624000000,12891630102,19184610420,104.84,2.45323E+11,1209.05,103.9,96,92.6,89.4,98.6,91.7,93.8,85.2,14.91,109115597.1,84.82,5050881.411,9.3,2.25831
82,2014-11-01,2014,11,1.17355E+11,248.82,79.44,-4849000000,13067348107,21384564780,104.12,2.49234E+11,1177.5,103.05,98,100.7,95.6,105.8,99.3,105.5,93.4,14.68,110200462.5,87.01,16512105.03,9.5,2.233575
83,2014-12-01,2014,12,1.1613E+11,247.72,62.34,-5876000000,13269271402,21788277505,103.13,2.44507E+11,1195.56,100.78,103,109.5,99.2,109.2,104.8,113.2,117.2,14.3875,112917632.8,86.06,25802046.36,10,2.287665217
84,2015-01-01,2015,1,1.15612E+11,250.45,47.76,-1678000000,12301766750,16645657050,101.67,2.31806E+11,1244.45,96.26,78,85.9,99.4,88.3,84.7,81.6,83.6,14.864,108520955.7,87.3,18426453.76,10.5,2.328342857
85,2015-02-01,2015,2,1.10998E+11,252.24,58.1,-2943000000,12231860140,16940929404,100.24,2.11833E+11,1223.93,95.23,74.9,84,90.8,84.4,83.4,78.1,84,14.89,104814868.7,85.21,20948519.59,10.2,2.455225
86,2015-03-01,2015,3,1.0673E+11,255.23,55.89,-4309000000,12519910438,18726107253,97.91,1.93693E+11,1176.65,93.96,94.6,100.1,98.9,98.9,99.6,96.7,102.3,14.675,103466940.3,83.63,38134716.29,9.4,2.583840909
87,2015-04-01,2015,4,1.05309E+11,259.39,59.52,-3324000000,13349346866,18373482645,97.64,1.97256E+11,1198.05,92.66,92.2,100.1,93.6,97.2,101.4,99.4,100.9,14.8375,103056054.6,81.78,9683078.438,8.3,2.648142857
88,2015-05-01,2015,5,1.06251E+11,260.85,64.08,-3539000000,11080385127,17868777194,98.93,2.05677E+11,1199.59,92.57,98.3,99.1,96.9,97,103.6,96.3,93.8,15.43,106295115.4,81.49,8736352.418,7.9,2.646136842
89,2015-06-01,2015,6,1.05166E+11,259.51,61.48,-2616000000,11949647086,18199145384,98.44,2.09591E+11,1180.32,92.23,105.4,105.2,95.9,102.2,106.7,101,109.2,15.675,107882147.7,79.71,9484014.506,7.7,2.701159091
90,2015-07-01,2015,7,1.06038E+11,259.74,56.56,-2756000000,11129358974,18225344227,97.37,2.18558E+11,1127.85,90.39,102.8,93.6,106.1,90.8,95.8,101.3,92.3,15.702,108839803.4,80.39,11272836.7,8,2.694604545
91,2015-08-01,2015,8,1.01229E+11,260.78,46.52,985000000,11022045344,15969293031,95.67,2.14972E+11,1120.73,88.74,118.4,99.6,111.6,98.6,104.2,118.3,90.1,16.045,105446653.8,77.43,22639694.71,7.9,2.845557143
92,2015-09-01,2015,9,96343954887,263.11,47.62,422000000,11581703842,15402915978,94.95,2.11311E+11,1122.83,86.68,105.3,96.4,99.2,98.8,95.2,100.3,96,16.9075,106189695.7,74.75,12602535.71,8.5,3.002715
93,2015-10-01,2015,10,98463127376,267.2,48.43,-21000000,13240039088,16917700624,93.94,2.18329E+11,1155.35,86.41,106.4,109.9,98.2,114.3,107.2,106.2,109.4,17.698,105372544.7,77.31,53066952.31,8.7,2.92957619
94,2015-11-01,2015,11,1.00324E+11,268.98,44.27,-1703000000,11681989013,15972822379,91.91,2.2454E+11,1077.38,85.21,104.1,108.6,99,112.7,105.5,105.9,108.7,17.51,105668719.6,80.21,4067803.821,9.5,2.871285714
95,2015-12-01,2015,12,99109646222,269.54,38.01,-5143000000,11750818760,17992183447,91.9,2.22754E+11,1070.85,83.58,119.7,117.5,110.3,116.8,112.7,114.9,129.5,17.33,106829938.4,80.14,33484940.46,9.6,2.917234783
96,2016-01-01,2016,1,96493491877,274.44,30.7,-1978000000,9546115400,13452704617,90.9,2.07031E+11,1100.91,79.8,80.2,90.4,107.4,94.4,88.6,81.9,86.4,17.61,102497361.1,82.51,7906965.197,10.3,3.00695
97,2016-02-01,2016,2,98976902030,274.38,32.18,-1681000000,12366388057,15578255076,91.62,2.02416E+11,1211.93,79.81,83.6,96.4,98,96.5,94.5,92.8,97.2,17.9425,105506164.6,84.36,13238285.89,10,2.940661905
98,2016-03-01,2016,3,1.01123E+11,274.27,38.21,-3331000000,12757672093,17766239356,91.67,1.96401E+11,1254.46,80.53,93,107.5,101.7,106.1,105.7,102.4,112.2,18.0275,109944833.4,85.06,15697848.92,9.6,2.89173913
99,2016-04-01,2016,4,1.03903E+11,276.42,41.58,-2450000000,11950497685,16187635375,92.7,2.08304E+11,1241.82,80.86,98.9,103.3,97.3,100.1,105.4,109.2,102,17.854,113216475.5,85.91,16081555.5,9.3,2.834738095
100,2016-05-01,2016,5,1.01425E+11,278.02,46.74,-2742000000,12098611067,17196657045,93.07,2.09469E+11,1256.33,82.68,99.1,108.1,101.3,106.8,107.7,110.6,108.5,17.515,110544617.1,83.67,80590644.01,9.1,2.926595238
101,2016-06-01,2016,6,1.02549E+11,279.33,48.25,-4618000000,12864154060,19476281695,93.36,2.17887E+11,1280.55,83.57,104,107.7,106.6,104.3,107.3,103.4,114,17.33,117912708.6,84.5,35620297.13,9.6,2.916986364
102,2016-07-01,2016,7,1.01529E+11,282.58,44.95,-2120000000,9850124872,14694996423,93.01,2.18833E+11,1336.8,82.64,88.3,84.5,109.4,83.1,85.7,77.1,86.2,17.384,116423993.2,84.64,256826.6211,9.7,2.957555556
103,2016-08-01,2016,8,1.01738E+11,281.76,45.84,-624000000,11830762820,16614181203,93.26,2.22368E+11,1339.43,82.48,111.5,103.8,118.4,104.3,106.8,105,97.7,17.52,116199454.4,84.07,19184707.09,10.6,2.962863636
104,2016-09-01,2016,9,1.02644E+11,282.27,46.57,-911000000,10901638452,15297881163,93.03,2.26507E+11,1325.01,82.52,98.3,92.8,99.3,92.5,92,93.4,95,17.336,117414731.3,84.2,7214534.644,10.7,2.9601
105,2016-10-01,2016,10,1.00812E+11,286.33,49.52,-489000000,12796159910,17008614931,92.33,2.27463E+11,1262.38,83.59,114.7,113.9,104.7,118.5,110.4,118,113.1,16.72,113590608.2,82.32,13586438.19,10.5,3.067942857
106,2016-11-01,2016,11,96070756553,287.81,44.73,-1441000000,12786936247,16934532450,91.41,2.21947E+11,1234.48,82.39,114.6,114.4,108,118.8,111,106.6,116.9,16.085,108935797,80.09,12885162.44,10.7,3.26745
107,2016-12-01,2016,12,91663630222,292.54,53.31,-4283000000,12780523145,18410255713,91.47,2.15699E+11,1149.51,82.99,106.3,118.3,114.3,118.9,107.8,117.2,138.5,16.2,109697528.5,77.37,65043062.88,11.2,3.488927273
108,2017-01-01,2017,1,86705609347,299.74,54.58,-2454000000,11247585677,15591508883,91.45,1.92739E+11,1187.9,84.89,83,96,115.3,100.9,91.5,79.5,98.8,16.3575,100803100.1,73.63,20877267.31,12,3.734886364
109,2017-02-01,2017,2,89095506840,302.17,54.87,-1972000000,12089908934,15825998294,91.32,1.87116E+11,1234.77,85.68,88.2,95.8,105.2,96.1,93.7,92.2,98.4,16.72,102447573.5,74.67,5875734.95,11.9,3.67236
110,2017-03-01,2017,3,90712868153,305.24,51.59,-2869000000,14470814059,19017539459,90.91,1.78523E+11,1230.22,85.92,102.7,113.9,111.2,108.6,112.6,114,122.2,16.62,109560804.8,74.83,10416423.01,11.2,3.665943478
111,2017-04-01,2017,4,92915885091,309.23,52.31,-3088000000,12859938791,17787682718,91.48,1.86943E+11,1274.07,86.87,106.6,110.8,105.3,102.2,110.4,111.3,123.6,16.8825,115215027.8,75.28,20176707.49,9.9,3.653835
112,2017-05-01,2017,5,96570560167,310.61,50.33,-4400000000,13582079731,20923446227,92.26,1.9969E+11,1244.08,87.36,111.4,114.3,107.6,110.7,116.5,107.9,117.2,17.235,116576609.6,77.03,37764217.47,9.4,3.563861905
113,2017-06-01,2017,6,99244014447,309.78,46.37,-3514000000,13125306944,19173756269,93.47,2.10365E+11,1258.97,87.27,108.8,104.8,106.6,100,104.4,97.3,115.6,17.348,119995238.1,77.21,42065592.4,8.8,3.51899
114,2017-07-01,2017,7,99623987064,310.24,48.48,-4195000000,12612074056,21490791009,93.85,2.17279E+11,1239.85,87.6,113.4,110.9,127.5,105.1,113,99.1,118.8,17.5425,117517551.1,75.89,15135833.46,9.3,3.559866667
115,2017-08-01,2017,8,1.02634E+11,311.85,51.7,110000000,13248462990,19161714598,94.63,2.29667E+11,1281.22,88.6,124.6,111.8,126.9,111.6,114.9,124,105,17.905,123714209.4,76.48,61832960.94,9,3.512477273
116,2017-09-01,2017,9,1.05296E+11,313.88,56.15,-3992000000,11810080805,19978413421,95.83,2.42186E+11,1311.75,89.88,118.7,109.9,112.8,107.7,108.6,128.8,112.6,18.164,125240044.3,77.32,19980596.18,9.1,3.468047368
117,2017-10-01,2017,10,1.01068E+11,320.4,57.51,-2849000000,13912699494,21217240980,95.09,2.34727E+11,1277.26,90.35,126.3,127.1,112.4,130.3,124.6,115.9,131.3,18.5375,118321254.8,75.12,9658605.828,8.9,3.662259091
118,2017-11-01,2017,11,96393480942,325.18,62.71,-3462000000,14188323116,20546983405,95.27,2.26692E+11,1281.58,91.19,123.8,125.9,112.2,127.3,123.8,116.7,132.5,18.7925,111699125.6,71.92,8288043.722,8.9,3.87905
119,2017-12-01,2017,12,98334069585,327.41,64.37,-7270000000,13845665817,23084575971,96.42,2.33663E+11,1270.85,92.02,120.2,131.4,118.9,129.1,123.9,128.8,150.7,19.356,117115142.9,72.91,18504324.89,9.5,3.847704762
120,2018-01-01,2018,1,1.01116E+11,330.75,69.08,-6916000000,12434098319,21522473367,97.99,2.29264E+11,1333.01,94.1,101,108.5,119.3,112.9,106.9,88,107.9,20.015,113716297.9,73.77,53624364.32,9.7,3.772327273
121,2018-02-01,2018,2,1.01556E+11,333.17,65.32,-4323000000,13148021711,18936782626,98.36,2.19865E+11,1331.32,91.81,95.6,105.6,105.9,105.6,104.4,91.2,110.1,20.1775,115283881.2,73.43,4806543.11,9.7,3.77802
122,2018-03-01,2018,3,99711871519,336.48,66.02,-4543000000,15553245177,21434852704,98.01,2.05223E+11,1324.69,92.61,106.2,121.9,113.7,120.2,119.7,112.2,129.4,19.844,116195577.5,72.28,25605205.99,9.3,3.880877273
123,2018-04-01,2018,4,96517402868,342.78,72.11,-5110000000,13846627891,20556587945,98.55,2.04827E+11,1333.28,93.7,112.4,115.7,108.1,111.3,116.9,106.6,121.9,19.9775,113142761.9,70.8,13067310.31,9.1,4.05403
124,2018-05-01,2018,5,89199004270,348.34,76.98,-5615000000,14256695228,22067044562,96.77,1.95803E+11,1306.38,94.05,121.2,122.1,110.7,121.3,122.7,114.5,124.3,20.1875,111437290.7,67.09,18768457.19,8.9,4.414145455
125,2018-06-01,2018,6,86168062365,357.44,74.41,-3043000000,12924498134,18449107134,97.06,1.94077E+11,1278.5,93.27,111.2,106.7,110.8,104.5,106.7,95.4,113.3,23.108,111242141,65.89,38802325.52,8.8,4.62822
126,2018-07-01,2018,7,85068185110,359.41,74.25,-1881000000,14048956242,20057757187,95.8,1.98906E+11,1237.43,92.74,120.5,119.6,132.8,118.9,120.4,106.5,122.2,24.96,108347182.2,65.16,10661275.71,9.6,4.748009091
127,2018-08-01,2018,8,70514074647,367.66,72.53,2704000000,12331984010,14803525725,94.06,1.7287E+11,1202.88,92.41,115.5,97.7,126.1,99.4,98.4,97.3,95.4,28.822,103330328.1,55.47,10315880.3,9.8,5.730194444
128,2018-09-01,2018,9,62894808556,390.84,78.89,2818000000,14397835420,16326538057,93.69,1.62835E+11,1196.7,92.18,124.1,114.2,116,116,111.9,127.6,115,36.4075,87730877.18,53.04,6334990.191,10.4,6.36687
129,2018-10-01,2018,10,67328842115,401.27,81.03,3930000000,15676860082,16174148502,92.84,1.76404E+11,1221.31,93.38,126.7,120.5,111.6,128.6,113.3,116.5,125.2,38.72,88430625.79,59.06,15134234.52,10.4,5.859372727
130,2018-11-01,2018,11,72418991115,395.48,64.75,2408000000,15491509931,16163973421,92.46,1.91771E+11,1221.42,92.75,117.1,116.7,111.4,124,108.4,125.3,120.9,36.098,91214226.52,63.56,28166247.71,11.4,5.373490909
131,2018-12-01,2018,12,72487191273,393.88,57.36,-543000000,13810281310,16554303252,92.37,1.93615E+11,1253.95,92.07,113.8,117.2,117.6,121.3,105,116.6,137.2,33.585,96054354.23,63.96,41458399.37,12.5,5.30612381
